{
  "surface_def": "Electron density",
  "iso": 0.001,
  "volume_A3": 251.37607,
  "overall_surface_A2": 237.34814,
  "positive_surface_A2": 111.91338,
  "negative_surface_A2": 125.43476,
  "minimal_value_kcal": -51.87594,
  "maximal_value_kcal": 49.80742,
  "overall_avg_kcal": -0.00055531,
  "positive_avg_kcal": 0.02565636,
  "negative_avg_kcal": -0.02394147,
  "var_tot_kcal2": 0.00063053,
  "var_pos_kcal2": 0.00030968,
  "var_neg_kcal2": 0.00032085,
  "miu": 0.24992144,
  "prod_var_miu_kcal2": 0.00015758,
  "pi_kcal": 0.02472218,
  "minESP_au": -0.082669,
  "maxESP_au": 0.079373,
  "polar_area_A2": 151.92,
  "nonpolar_area_A2": 85.43,
  "polar_threshold_kcal": 10.0
}