{
  "surface_def": "Electron density",
  "iso": 0.001,
  "volume_A3": 188.99376,
  "overall_surface_A2": 189.86288,
  "positive_surface_A2": 107.14773,
  "negative_surface_A2": 82.71515,
  "minimal_value_kcal": -48.35857,
  "maximal_value_kcal": 52.22281,
  "overall_avg_kcal": 0.00131436,
  "positive_avg_kcal": 0.02504971,
  "negative_avg_kcal": -0.02943199,
  "var_tot_kcal2": 0.00064039,
  "var_pos_kcal2": 0.0002752,
  "var_neg_kcal2": 0.00036519,
  "miu": 0.24506378,
  "prod_var_miu_kcal2": 0.00015694,
  "pi_kcal": 0.026808,
  "minESP_au": -0.077064,
  "maxESP_au": 0.083222,
  "polar_area_A2": 128.56,
  "nonpolar_area_A2": 61.3,
  "polar_threshold_kcal": 10.0
}