{
  "surface_def": "Electron density",
  "iso": 0.001,
  "volume_A3": 182.32368,
  "overall_surface_A2": 178.21699,
  "positive_surface_A2": 122.8406,
  "negative_surface_A2": 55.3764,
  "minimal_value_kcal": -38.18526,
  "maximal_value_kcal": 49.14143,
  "overall_avg_kcal": 0.00182185,
  "positive_avg_kcal": 0.01420058,
  "negative_avg_kcal": -0.02563768,
  "var_tot_kcal2": 0.00050103,
  "var_pos_kcal2": 0.00019278,
  "var_neg_kcal2": 0.00030826,
  "miu": 0.236719,
  "prod_var_miu_kcal2": 0.0001186,
  "pi_kcal": 0.01716752,
  "minESP_au": -0.060852,
  "maxESP_au": 0.078312,
  "polar_area_A2": 69.86,
  "nonpolar_area_A2": 108.35,
  "polar_threshold_kcal": 10.0
}