{
  "surface_def": "Electron density",
  "iso": 0.001,
  "volume_A3": 280.86368,
  "overall_surface_A2": 260.22354,
  "positive_surface_A2": 127.85473,
  "negative_surface_A2": 132.36881,
  "minimal_value_kcal": -51.52261,
  "maximal_value_kcal": 46.33479,
  "overall_avg_kcal": -0.0019119,
  "positive_avg_kcal": 0.02071493,
  "negative_avg_kcal": -0.0237671,
  "var_tot_kcal2": 0.00059146,
  "var_pos_kcal2": 0.00028474,
  "var_neg_kcal2": 0.00030671,
  "miu": 0.249655,
  "prod_var_miu_kcal2": 0.00014766,
  "pi_kcal": 0.02229775,
  "minESP_au": -0.082106,
  "maxESP_au": 0.073839,
  "polar_area_A2": 148.78,
  "nonpolar_area_A2": 111.44,
  "polar_threshold_kcal": 10.0
}