{
  "surface_def": "Electron density",
  "iso": 0.001,
  "volume_A3": 189.67011,
  "overall_surface_A2": 198.81791,
  "positive_surface_A2": 103.43222,
  "negative_surface_A2": 95.3857,
  "minimal_value_kcal": -41.65512,
  "maximal_value_kcal": 46.58013,
  "overall_avg_kcal": -0.00088843,
  "positive_avg_kcal": 0.01610444,
  "negative_avg_kcal": -0.01931478,
  "var_tot_kcal2": 0.0004459,
  "var_pos_kcal2": 0.00022195,
  "var_neg_kcal2": 0.00022396,
  "miu": 0.24999492,
  "prod_var_miu_kcal2": 0.00011147,
  "pi_kcal": 0.01769812,
  "minESP_au": -0.066382,
  "maxESP_au": 0.07423,
  "polar_area_A2": 86.53,
  "nonpolar_area_A2": 112.28,
  "polar_threshold_kcal": 10.0
}