{
  "surface_def": "Electron density",
  "iso": 0.001,
  "volume_A3": 226.08423,
  "overall_surface_A2": 219.63057,
  "positive_surface_A2": 113.11422,
  "negative_surface_A2": 106.51635,
  "minimal_value_kcal": -53.15413,
  "maximal_value_kcal": 44.79735,
  "overall_avg_kcal": -0.00124969,
  "positive_avg_kcal": 0.02188649,
  "negative_avg_kcal": -0.02581897,
  "var_tot_kcal2": 0.00063761,
  "var_pos_kcal2": 0.0002386,
  "var_neg_kcal2": 0.00039901,
  "miu": 0.23417701,
  "prod_var_miu_kcal2": 0.00014931,
  "pi_kcal": 0.02385465,
  "minESP_au": -0.084706,
  "maxESP_au": 0.071389,
  "polar_area_A2": 132.51,
  "nonpolar_area_A2": 87.12,
  "polar_threshold_kcal": 10.0
}