{
  "surface_def": "Electron density",
  "iso": 0.001,
  "volume_A3": 244.27174,
  "overall_surface_A2": 231.65288,
  "positive_surface_A2": 123.55604,
  "negative_surface_A2": 108.09684,
  "minimal_value_kcal": -31.60837,
  "maximal_value_kcal": 49.9678,
  "overall_avg_kcal": 0.0038415,
  "positive_avg_kcal": 0.02154565,
  "negative_avg_kcal": -0.01639456,
  "var_tot_kcal2": 0.00037678,
  "var_pos_kcal2": 0.00020709,
  "var_neg_kcal2": 0.00016969,
  "miu": 0.24753664,
  "prod_var_miu_kcal2": 9.327e-05,
  "pi_kcal": 0.01907277,
  "minESP_au": -0.050371,
  "maxESP_au": 0.079629,
  "polar_area_A2": 115.72,
  "nonpolar_area_A2": 115.93,
  "polar_threshold_kcal": 10.0
}