{
  "surface_def": "Electron density",
  "iso": 0.001,
  "volume_A3": 114.39954,
  "overall_surface_A2": 127.71913,
  "positive_surface_A2": 79.9533,
  "negative_surface_A2": 47.76584,
  "minimal_value_kcal": -44.23,
  "maximal_value_kcal": 49.91763,
  "overall_avg_kcal": 0.56573,
  "positive_avg_kcal": 12.39031,
  "negative_avg_kcal": -19.22695,
  "var_tot_kcal2": 268.09773,
  "var_pos_kcal2": 99.1906,
  "var_neg_kcal2": 168.90714,
  "miu": 0.23309461,
  "prod_var_miu_kcal2": 62.49214,
  "pi_kcal": 14.81076,
  "minESP_au": -0.070485,
  "maxESP_au": 0.079549,
  "polar_area_A2": 73.33,
  "nonpolar_area_A2": 54.39,
  "polar_threshold_kcal": 10.0
}