{
  "rmse": 0.22760046203652104,
  "mae": 0.18424212297925663,
  "r2": 0.550681350891679,
  "cv": "LOO"
}