{
  "oob_r2": 0.4545674140388163,
  "rmse": 0.25076473251898423,
  "mae": 0.19835365326497187,
  "r2": 0.4545674140388163,
  "cv": "OOB",
  "best_params": {
    "n_estimators": 1000,
    "max_depth": 5,
    "max_features": "sqrt"
  }
}