{
  "surface_def": "Electron density",
  "iso": 0.001,
  "volume_A3": 213.767,
  "overall_surface_A2": 209.07614,
  "positive_surface_A2": 112.98525,
  "negative_surface_A2": 96.0909,
  "minimal_value_kcal": -36.75691,
  "maximal_value_kcal": 49.84807,
  "overall_avg_kcal": 0.00210833,
  "positive_avg_kcal": 0.02043152,
  "negative_avg_kcal": -0.01943639,
  "var_tot_kcal2": 0.00040872,
  "var_pos_kcal2": 0.00020038,
  "var_neg_kcal2": 0.00020833,
  "miu": 0.24990531,
  "prod_var_miu_kcal2": 0.00010214,
  "pi_kcal": 0.01985947,
  "minESP_au": -0.058576,
  "maxESP_au": 0.079438,
  "polar_area_A2": 117.43,
  "nonpolar_area_A2": 91.65,
  "polar_threshold_kcal": 10.0
}