{
  "surface_def": "Electron density",
  "iso": 0.001,
  "volume_A3": 146.14863,
  "overall_surface_A2": 151.82044,
  "positive_surface_A2": 73.94517,
  "negative_surface_A2": 77.87527,
  "minimal_value_kcal": -42.54804,
  "maximal_value_kcal": 48.11734,
  "overall_avg_kcal": -3.631e-05,
  "positive_avg_kcal": 0.02746115,
  "negative_avg_kcal": -0.02614607,
  "var_tot_kcal2": 0.00072571,
  "var_pos_kcal2": 0.00034523,
  "var_neg_kcal2": 0.00038049,
  "miu": 0.2494098,
  "prod_var_miu_kcal2": 0.000181,
  "pi_kcal": 0.02678566,
  "minESP_au": -0.067805,
  "maxESP_au": 0.07668,
  "polar_area_A2": 96.19,
  "nonpolar_area_A2": 55.63,
  "polar_threshold_kcal": 10.0
}