{
  "surface_def": "Electron density",
  "iso": 0.001,
  "volume_A3": 248.09141,
  "overall_surface_A2": 233.51805,
  "positive_surface_A2": 110.91198,
  "negative_surface_A2": 122.60607,
  "minimal_value_kcal": -52.982,
  "maximal_value_kcal": 47.04463,
  "overall_avg_kcal": -0.00137998,
  "positive_avg_kcal": 0.02298743,
  "negative_avg_kcal": -0.02342325,
  "var_tot_kcal2": 0.0006388,
  "var_pos_kcal2": 0.0002867,
  "var_neg_kcal2": 0.00035209,
  "miu": 0.2473803,
  "prod_var_miu_kcal2": 0.00015803,
  "pi_kcal": 0.0231751,
  "minESP_au": -0.084432,
  "maxESP_au": 0.07497,
  "polar_area_A2": 138.54,
  "nonpolar_area_A2": 94.98,
  "polar_threshold_kcal": 10.0
}