{
  "surface_def": "Electron density",
  "iso": 0.001,
  "volume_A3": 226.91586,
  "overall_surface_A2": 222.8876,
  "positive_surface_A2": 118.55895,
  "negative_surface_A2": 104.32866,
  "minimal_value_kcal": -34.86397,
  "maximal_value_kcal": 53.13556,
  "overall_avg_kcal": 0.00424598,
  "positive_avg_kcal": 0.02207869,
  "negative_avg_kcal": -0.01601908,
  "var_tot_kcal2": 0.0004187,
  "var_pos_kcal2": 0.0002308,
  "var_neg_kcal2": 0.0001879,
  "miu": 0.24737598,
  "prod_var_miu_kcal2": 0.00010358,
  "pi_kcal": 0.01917584,
  "minESP_au": -0.055559,
  "maxESP_au": 0.084677,
  "polar_area_A2": 108.11,
  "nonpolar_area_A2": 114.77,
  "polar_threshold_kcal": 10.0
}