{
  "surface_def": "Electron density",
  "iso": 0.001,
  "volume_A3": 256.59706,
  "overall_surface_A2": 260.58621,
  "positive_surface_A2": 127.18435,
  "negative_surface_A2": 133.40186,
  "minimal_value_kcal": -57.55489,
  "maximal_value_kcal": 71.61073,
  "overall_avg_kcal": -0.00125178,
  "positive_avg_kcal": 0.03830816,
  "negative_avg_kcal": -0.03896793,
  "var_tot_kcal2": 0.00166377,
  "var_pos_kcal2": 0.00109688,
  "var_neg_kcal2": 0.00056689,
  "miu": 0.224632,
  "prod_var_miu_kcal2": 0.00037373,
  "pi_kcal": 0.03862553,
  "minESP_au": -0.091719,
  "maxESP_au": 0.114119,
  "polar_area_A2": 191.56,
  "nonpolar_area_A2": 69.02,
  "polar_threshold_kcal": 10.0
}