{
  "rmse": 0.1552473343218217,
  "mae": 0.12932023987104826,
  "r2": 0.7909469685984921,
  "cv": "LOO"
}