{
  "oob_r2": 0.8517975025472981,
  "rmse": 0.13071447358471142,
  "mae": 0.1010870189463611,
  "r2": 0.8517975025472981,
  "cv": "OOB",
  "best_params": {
    "n_estimators": 500,
    "max_depth": 5,
    "max_features": "sqrt"
  }
}