{
  "surface_def": "Electron density",
  "iso": 0.001,
  "volume_A3": 251.40149,
  "overall_surface_A2": 241.25141,
  "positive_surface_A2": 142.64377,
  "negative_surface_A2": 98.60764,
  "minimal_value_kcal": -43.00293,
  "maximal_value_kcal": 53.70035,
  "overall_avg_kcal": 0.00273605,
  "positive_avg_kcal": 0.02692252,
  "negative_avg_kcal": -0.0322516,
  "var_tot_kcal2": 0.00070954,
  "var_pos_kcal2": 0.00036801,
  "var_neg_kcal2": 0.00034154,
  "miu": 0.24965208,
  "prod_var_miu_kcal2": 0.00017714,
  "pi_kcal": 0.02865952,
  "minESP_au": -0.068529,
  "maxESP_au": 0.085577,
  "polar_area_A2": 164.55,
  "nonpolar_area_A2": 76.7,
  "polar_threshold_kcal": 10.0
}