{
  "surface_def": "Electron density",
  "iso": 0.001,
  "volume_A3": 251.40149,
  "overall_surface_A2": 241.25141,
  "positive_surface_A2": 142.64377,
  "negative_surface_A2": 98.60764,
  "minimal_value_kcal": -43.00293,
  "maximal_value_kcal": 53.70035,
  "overall_avg_kcal": 1.7169,
  "positive_avg_kcal": 16.89415,
  "negative_avg_kcal": -20.2382,
  "var_tot_kcal2": 279.39586,
  "var_pos_kcal2": 144.90937,
  "var_neg_kcal2": 134.48649,
  "miu": 0.24965208,
  "prod_var_miu_kcal2": 69.75176,
  "pi_kcal": 17.98413,
  "minESP_au": -0.068529,
  "maxESP_au": 0.085577,
  "polar_area_A2": 164.55,
  "nonpolar_area_A2": 76.7,
  "polar_threshold_kcal": 10.0
}