{
  "surface_def": "Electron density",
  "iso": 0.001,
  "volume_A3": 210.36674,
  "overall_surface_A2": 204.91265,
  "positive_surface_A2": 117.15435,
  "negative_surface_A2": 87.7583,
  "minimal_value_kcal": -38.20161,
  "maximal_value_kcal": 48.19562,
  "overall_avg_kcal": 0.00085019,
  "positive_avg_kcal": 0.01776493,
  "negative_avg_kcal": -0.0217304,
  "var_tot_kcal2": 0.00042161,
  "var_pos_kcal2": 0.00017461,
  "var_neg_kcal2": 0.000247,
  "miu": 0.24262856,
  "prod_var_miu_kcal2": 0.00010229,
  "pi_kcal": 0.0193507,
  "minESP_au": -0.060878,
  "maxESP_au": 0.076805,
  "polar_area_A2": 104.75,
  "nonpolar_area_A2": 100.17,
  "polar_threshold_kcal": 10.0
}