{
  "surface_def": "Electron density",
  "iso": 0.001,
  "volume_A3": 237.7705,
  "overall_surface_A2": 229.63635,
  "positive_surface_A2": 145.51306,
  "negative_surface_A2": 84.1233,
  "minimal_value_kcal": -34.08654,
  "maximal_value_kcal": 54.25982,
  "overall_avg_kcal": 0.00520681,
  "positive_avg_kcal": 0.02407921,
  "negative_avg_kcal": -0.02743791,
  "var_tot_kcal2": 0.00048144,
  "var_pos_kcal2": 0.00026083,
  "var_neg_kcal2": 0.00022061,
  "miu": 0.24825538,
  "prod_var_miu_kcal2": 0.00011952,
  "pi_kcal": 0.02422189,
  "minESP_au": -0.05432,
  "maxESP_au": 0.086468,
  "polar_area_A2": 154.63,
  "nonpolar_area_A2": 75.01,
  "polar_threshold_kcal": 10.0
}