{
  "surface_def": "Electron density",
  "iso": 0.001,
  "volume_A3": 257.31616,
  "overall_surface_A2": 241.82817,
  "positive_surface_A2": 117.47771,
  "negative_surface_A2": 124.35046,
  "minimal_value_kcal": -51.25439,
  "maximal_value_kcal": 47.02648,
  "overall_avg_kcal": -0.00071836,
  "positive_avg_kcal": 0.02506213,
  "negative_avg_kcal": -0.02507397,
  "var_tot_kcal2": 0.0006163,
  "var_pos_kcal2": 0.00031009,
  "var_neg_kcal2": 0.00030621,
  "miu": 0.2499901,
  "prod_var_miu_kcal2": 0.00015407,
  "pi_kcal": 0.02505533,
  "minESP_au": -0.081679,
  "maxESP_au": 0.074941,
  "polar_area_A2": 158.79,
  "nonpolar_area_A2": 83.04,
  "polar_threshold_kcal": 10.0
}