{
  "surface_def": "Electron density",
  "iso": 0.001,
  "volume_A3": 220.77482,
  "overall_surface_A2": 217.23768,
  "positive_surface_A2": 122.972,
  "negative_surface_A2": 94.26568,
  "minimal_value_kcal": -34.02391,
  "maximal_value_kcal": 52.30939,
  "overall_avg_kcal": 0.00385004,
  "positive_avg_kcal": 0.02144235,
  "negative_avg_kcal": -0.01909959,
  "var_tot_kcal2": 0.00041455,
  "var_pos_kcal2": 0.00027089,
  "var_neg_kcal2": 0.00014366,
  "miu": 0.2264505,
  "prod_var_miu_kcal2": 9.388e-05,
  "pi_kcal": 0.02013644,
  "minESP_au": -0.054221,
  "maxESP_au": 0.08336,
  "polar_area_A2": 119.57,
  "nonpolar_area_A2": 97.67,
  "polar_threshold_kcal": 10.0
}