{
  "surface_def": "Electron density",
  "iso": 0.001,
  "volume_A3": 236.47493,
  "overall_surface_A2": 225.44176,
  "positive_surface_A2": 120.04066,
  "negative_surface_A2": 105.4011,
  "minimal_value_kcal": -31.7829,
  "maximal_value_kcal": 49.79245,
  "overall_avg_kcal": 0.00363717,
  "positive_avg_kcal": 0.02154595,
  "negative_avg_kcal": -0.01675903,
  "var_tot_kcal2": 0.00038095,
  "var_pos_kcal2": 0.00020608,
  "var_neg_kcal2": 0.00017487,
  "miu": 0.24832143,
  "prod_var_miu_kcal2": 9.46e-05,
  "pi_kcal": 0.01924237,
  "minESP_au": -0.050649,
  "maxESP_au": 0.079349,
  "polar_area_A2": 115.39,
  "nonpolar_area_A2": 110.05,
  "polar_threshold_kcal": 10.0
}