{
  "surface_def": "Electron density",
  "iso": 0.001,
  "volume_A3": 250.16475,
  "overall_surface_A2": 236.99148,
  "positive_surface_A2": 132.61559,
  "negative_surface_A2": 104.37589,
  "minimal_value_kcal": -33.94355,
  "maximal_value_kcal": 50.01619,
  "overall_avg_kcal": 0.00346347,
  "positive_avg_kcal": 0.02273517,
  "negative_avg_kcal": -0.02102235,
  "var_tot_kcal2": 0.00053986,
  "var_pos_kcal2": 0.00027272,
  "var_neg_kcal2": 0.00026714,
  "miu": 0.24997331,
  "prod_var_miu_kcal2": 0.00013495,
  "pi_kcal": 0.02174671,
  "minESP_au": -0.054092,
  "maxESP_au": 0.079706,
  "polar_area_A2": 133.46,
  "nonpolar_area_A2": 103.53,
  "polar_threshold_kcal": 10.0
}