{
  "surface_def": "Electron density",
  "iso": 0.001,
  "volume_A3": 123.86688,
  "overall_surface_A2": 135.98171,
  "positive_surface_A2": 73.898,
  "negative_surface_A2": 62.08371,
  "minimal_value_kcal": -32.42824,
  "maximal_value_kcal": 50.34229,
  "overall_avg_kcal": 0.00196331,
  "positive_avg_kcal": 0.02533231,
  "negative_avg_kcal": -0.02585271,
  "var_tot_kcal2": 0.00058919,
  "var_pos_kcal2": 0.00034636,
  "var_neg_kcal2": 0.00024283,
  "miu": 0.24228025,
  "prod_var_miu_kcal2": 0.00014275,
  "pi_kcal": 0.02543924,
  "minESP_au": -0.051678,
  "maxESP_au": 0.080225,
  "polar_area_A2": 87.32,
  "nonpolar_area_A2": 48.66,
  "polar_threshold_kcal": 10.0
}