{
  "surface_def": "Electron density",
  "iso": 0.001,
  "volume_A3": 202.66497,
  "overall_surface_A2": 193.13478,
  "positive_surface_A2": 127.55065,
  "negative_surface_A2": 65.58414,
  "minimal_value_kcal": -36.64224,
  "maximal_value_kcal": 50.2214,
  "overall_avg_kcal": 0.00181042,
  "positive_avg_kcal": 0.01215738,
  "negative_avg_kcal": -0.01831277,
  "var_tot_kcal2": 0.0004327,
  "var_pos_kcal2": 0.00017146,
  "var_neg_kcal2": 0.00026123,
  "miu": 0.23923942,
  "prod_var_miu_kcal2": 0.00010352,
  "pi_kcal": 0.0138038,
  "minESP_au": -0.058393,
  "maxESP_au": 0.080033,
  "polar_area_A2": 55.23,
  "nonpolar_area_A2": 137.91,
  "polar_threshold_kcal": 10.0
}