{
  "surface_def": "Electron density",
  "iso": 0.001,
  "volume_A3": 196.88986,
  "overall_surface_A2": 191.27173,
  "positive_surface_A2": 111.41708,
  "negative_surface_A2": 79.85465,
  "minimal_value_kcal": -47.22033,
  "maximal_value_kcal": 56.28416,
  "overall_avg_kcal": 0.00296925,
  "positive_avg_kcal": 0.02463083,
  "negative_avg_kcal": -0.02725404,
  "var_tot_kcal2": 0.00070167,
  "var_pos_kcal2": 0.00034939,
  "var_neg_kcal2": 0.00035228,
  "miu": 0.24999574,
  "prod_var_miu_kcal2": 0.00017541,
  "pi_kcal": 0.02535592,
  "minESP_au": -0.07525,
  "maxESP_au": 0.089694,
  "polar_area_A2": 121.91,
  "nonpolar_area_A2": 69.36,
  "polar_threshold_kcal": 10.0
}