{
  "surface_def": "Electron density",
  "iso": 0.001,
  "volume_A3": 243.48264,
  "overall_surface_A2": 235.5676,
  "positive_surface_A2": 128.90247,
  "negative_surface_A2": 106.66513,
  "minimal_value_kcal": -51.80842,
  "maximal_value_kcal": 46.38137,
  "overall_avg_kcal": -0.0005256,
  "positive_avg_kcal": 0.01912797,
  "negative_avg_kcal": -0.02427651,
  "var_tot_kcal2": 0.00053521,
  "var_pos_kcal2": 0.00017278,
  "var_neg_kcal2": 0.00036243,
  "miu": 0.21860864,
  "prod_var_miu_kcal2": 0.000117,
  "pi_kcal": 0.02151309,
  "minESP_au": -0.082562,
  "maxESP_au": 0.073913,
  "polar_area_A2": 138.92,
  "nonpolar_area_A2": 96.65,
  "polar_threshold_kcal": 10.0
}