{
  "surface_def": "Electron density",
  "iso": 0.001,
  "volume_A3": 219.78411,
  "overall_surface_A2": 213.83508,
  "positive_surface_A2": 112.82236,
  "negative_surface_A2": 101.01272,
  "minimal_value_kcal": -38.51264,
  "maximal_value_kcal": 52.97636,
  "overall_avg_kcal": 0.00095809,
  "positive_avg_kcal": 0.02193624,
  "negative_avg_kcal": -0.02247268,
  "var_tot_kcal2": 0.00052635,
  "var_pos_kcal2": 0.00030353,
  "var_neg_kcal2": 0.00022282,
  "miu": 0.24412184,
  "prod_var_miu_kcal2": 0.00012849,
  "pi_kcal": 0.02214823,
  "minESP_au": -0.061374,
  "maxESP_au": 0.084423,
  "polar_area_A2": 122.64,
  "nonpolar_area_A2": 91.19,
  "polar_threshold_kcal": 10.0
}