{
  "surface_def": "Electron density",
  "iso": 0.001,
  "volume_A3": 187.86348,
  "overall_surface_A2": 187.21754,
  "positive_surface_A2": 116.40146,
  "negative_surface_A2": 70.81608,
  "minimal_value_kcal": -50.72482,
  "maximal_value_kcal": 49.34632,
  "overall_avg_kcal": 0.00214511,
  "positive_avg_kcal": 0.02135183,
  "negative_avg_kcal": -0.02942527,
  "var_tot_kcal2": 0.00055143,
  "var_pos_kcal2": 0.0001791,
  "var_neg_kcal2": 0.00037232,
  "miu": 0.21930485,
  "prod_var_miu_kcal2": 0.00012093,
  "pi_kcal": 0.02391884,
  "minESP_au": -0.080835,
  "maxESP_au": 0.078638,
  "polar_area_A2": 123.83,
  "nonpolar_area_A2": 63.38,
  "polar_threshold_kcal": 10.0
}