{
  "surface_def": "Electron density",
  "iso": 0.001,
  "volume_A3": 266.81945,
  "overall_surface_A2": 247.29293,
  "positive_surface_A2": 132.40243,
  "negative_surface_A2": 114.8905,
  "minimal_value_kcal": -34.16713,
  "maximal_value_kcal": 48.60619,
  "overall_avg_kcal": -0.00019699,
  "positive_avg_kcal": 0.0155335,
  "negative_avg_kcal": -0.01832517,
  "var_tot_kcal2": 0.00032339,
  "var_pos_kcal2": 0.00015998,
  "var_neg_kcal2": 0.00016341,
  "miu": 0.24997179,
  "prod_var_miu_kcal2": 8.084e-05,
  "pi_kcal": 0.01684497,
  "minESP_au": -0.054449,
  "maxESP_au": 0.077459,
  "polar_area_A2": 109.39,
  "nonpolar_area_A2": 137.9,
  "polar_threshold_kcal": 10.0
}