{
  "surface_def": "Electron density",
  "iso": 0.001,
  "volume_A3": 238.80574,
  "overall_surface_A2": 229.99383,
  "positive_surface_A2": 152.25697,
  "negative_surface_A2": 77.73686,
  "minimal_value_kcal": -38.85011,
  "maximal_value_kcal": 53.2023,
  "overall_avg_kcal": 0.00660975,
  "positive_avg_kcal": 0.02424004,
  "negative_avg_kcal": -0.0279213,
  "var_tot_kcal2": 0.0005213,
  "var_pos_kcal2": 0.00024808,
  "var_neg_kcal2": 0.00027322,
  "miu": 0.24941866,
  "prod_var_miu_kcal2": 0.00013002,
  "pi_kcal": 0.02398866,
  "minESP_au": -0.061912,
  "maxESP_au": 0.084783,
  "polar_area_A2": 154.61,
  "nonpolar_area_A2": 75.39,
  "polar_threshold_kcal": 10.0
}